Workbook

Sheet ROC_data
A1: FF++ C23 FPR | B1: FF++ C23 TPR | C1: Celeb-DF v2 FPR | D1: Celeb-DF v2 TPR | E1: ASVspoof 2019 LA FPR | F1: ASVspoof 2019 LA TPR | G1: FakeAVCeleb v1.2 Visual FPR | H1: FakeAVCeleb v1.2 Visual TPR | I1: FakeAVCeleb v1.2 Audio FPR | J1: FakeAVCeleb v1.2 Audio TPR | K1: FakeAVCeleb v1.2 AV Fusion FPR | L1: FakeAVCeleb v1.2 AV Fusion TPR | N1: Dataset | O1: TN | P1: FP | Q1: FN | R1: TP | S1: AUC | U1: Random FPR | V1: Random TPR
A2: 0 | B2: 0 | C2: 0 | D2: 0 | E2: 0 | F2: 0 | G2: 0 | H2: 0 | I2: 0 | J2: 0 | K2: 0 | L2: 0 | N2: FF++ C23 | O2: 2548 | P2: 251 | Q2: 499 | R2: 13498 | S2: 0.9848 | U2: 0 | V2: 0
A3: 0 | B3: 0.2854183 | C3: 0 | D3: 0.0030882353 | E3: 0 | F3: 0.17358567 | G3: 0 | H3: 1 | I3: 0 | J3: 0.66666667 | K3: 0 | L3: 1 | N3: Celeb-DF v2 | O3: 1225 | P3: 2332 | Q3: 1242 | R3: 5558 | S3: 0.6589 | U3: 1 | V3: 1
A4: 0.005 | B4: 0.77930985 | C4: 0.005 | D4: 0.033235294 | E4: 0.005 | F4: 0.43467643 | G4: 0.005 | H4: 1 | I4: 0.005 | J4: 0.66666667 | K4: 0.005 | L4: 1 | N4: ASVspoof 2019 LA | O4: 6139 | P4: 1216 | Q4: 10580 | R4: 53302 | S4: 0.9186
A5: 0.01 | B5: 0.83867972 | C5: 0.01 | D5: 0.054852941 | E5: 0.01 | F5: 0.49362888 | G5: 0.01 | H5: 1 | I5: 0.01 | J5: 0.74358974 | K5: 0.01 | L5: 1 | N5: FakeAVCeleb v1.2 Visual | O5: 86 | P5: 0 | Q5: 1 | R5: 56 | S5: 1
A6: 0.015 | B6: 0.87761663 | C6: 0.015 | D6: 0.081029412 | E6: 0.015 | F6: 0.55265959 | G6: 0.015 | H6: 1 | I6: 0.015 | J6: 0.74358974 | K6: 0.015 | L6: 1 | N6: FakeAVCeleb v1.2 Audio | O6: 102 | P6: 2 | Q6: 1 | R6: 38 | S6: 0.9884
A7: 0.02 | B7: 0.90183611 | C7: 0.02 | D7: 0.096617647 | E7: 0.02 | F7: 0.58667543 | G7: 0.02 | H7: 1 | I7: 0.02 | J7: 0.97435897 | K7: 0.02 | L7: 1 | N7: FakeAVCeleb v1.2 AV Fusion | O7: 86 | P7: 0 | Q7: 1 | R7: 56 | S7: 1
A8: 0.025 | B8: 0.91441023 | C8: 0.025 | D8: 0.10955882 | E8: 0.025 | F8: 0.61601077 | G8: 0.025 | H8: 1 | I8: 0.025 | J8: 0.97435897 | K8: 0.025 | L8: 1
A9: 0.03 | B9: 0.92584125 | C9: 0.03 | D9: 0.11573529 | E9: 0.03 | F9: 0.63445102 | G9: 0.03 | H9: 1 | I9: 0.03 | J9: 0.97435897 | K9: 0.03 | L9: 1 | N9: Filled from roc_export.xlsx (Colab). Row 2 of each ROC column is the (0,0) origin point.
A10: 0.035 | B10: 0.93384297 | C10: 0.035 | D10: 0.12779412 | E10: 0.035 | F10: 0.65251558 | G10: 0.035 | H10: 1 | I10: 0.035 | J10: 0.97435897 | K10: 0.035 | L10: 1 | N10: ASVspoof confusion matrix at the equal-error-rate threshold; all others at threshold 0 of the SVM decision function.
A11: 0.04 | B11: 0.94048725 | C11: 0.04 | D11: 0.13838235 | E11: 0.04 | F11: 0.66805986 | G11: 0.04 | H11: 1 | I11: 0.04 | J11: 0.97435897 | K11: 0.04 | L11: 1
A12: 0.045 | B12: 0.94498821 | C12: 0.045 | D12: 0.15132353 | E12: 0.045 | F12: 0.67839141 | G12: 0.045 | H12: 1 | I12: 0.045 | J12: 0.97435897 | K12: 0.045 | L12: 1
A13: 0.05 | B13: 0.94906051 | C13: 0.05 | D13: 0.16294118 | E13: 0.05 | F13: 0.68776807 | G13: 0.05 | H13: 1 | I13: 0.05 | J13: 0.97435897 | K13: 0.05 | L13: 1
A14: 0.055 | B14: 0.95370437 | C14: 0.055 | D14: 0.17132353 | E14: 0.055 | F14: 0.70118343 | G14: 0.055 | H14: 1 | I14: 0.055 | J14: 0.97435897 | K14: 0.055 | L14: 1
A15: 0.06 | B15: 0.95484747 | C15: 0.06 | D15: 0.18176471 | E15: 0.06 | F15: 0.71182806 | G15: 0.06 | H15: 1 | I15: 0.06 | J15: 0.97435897 | K15: 0.06 | L15: 1
A16: 0.065 | B16: 0.95763378 | C16: 0.065 | D16: 0.19485294 | E16: 0.065 | F16: 0.72136126 | G16: 0.065 | H16: 1 | I16: 0.065 | J16: 0.97435897 | K16: 0.065 | L16: 1
A17: 0.07 | B17: 0.95891977 | C17: 0.07 | D17: 0.20382353 | E17: 0.07 | F17: 0.72835854 | G17: 0.07 | H17: 1 | I17: 0.07 | J17: 0.97435897 | K17: 0.07 | L17: 1
A18: 0.075 | B18: 0.96056298 | C18: 0.075 | D18: 0.21308824 | E18: 0.075 | F18: 0.74011459 | G18: 0.075 | H18: 1 | I18: 0.075 | J18: 0.97435897 | K18: 0.075 | L18: 1
A19: 0.08 | B19: 0.9614203 | C19: 0.08 | D19: 0.21985294 | E19: 0.08 | F19: 0.74725275 | G19: 0.08 | H19: 1 | I19: 0.08 | J19: 0.97435897 | K19: 0.08 | L19: 1
A20: 0.085 | B20: 0.96299207 | C20: 0.085 | D20: 0.23058824 | E20: 0.085 | F20: 0.75393695 | G20: 0.085 | H20: 1 | I20: 0.085 | J20: 0.97435897 | K20: 0.085 | L20: 1
A21: 0.09 | B21: 0.96442095 | C21: 0.09 | D21: 0.23955882 | E21: 0.09 | F21: 0.7600263 | G21: 0.09 | H21: 1 | I21: 0.09 | J21: 0.97435897 | K21: 0.09 | L21: 1
A22: 0.095 | B22: 0.96606416 | C22: 0.095 | D22: 0.25058824 | E22: 0.095 | F22: 0.76661657 | G22: 0.095 | H22: 1 | I22: 0.095 | J22: 0.97435897 | K22: 0.095 | L22: 1
... A203: 1 | B203: 1 | C203: 1 | D203: 1 | E203: 1 | F203: 1 | G203: 1 | H203: 1 | I203: 1 | J203: 1 | K203: 1 | L203: 1

Sheet Fig2_FFpp
C2: Real | D2: Fake
A3: True label | B3: Real | C3: =ROC_data!O2 -> 2548 | D3: =ROC_data!P2 -> 251
B4: Fake | C4: =ROC_data!Q2 -> 499 | D4: =ROC_data!R2 -> 13498
C5: Real | D5: Fake
C6: Predicted label
G20: ="FF++ C23 (AUC = "&TEXT(ROC_data!S2,"0.000")&")" -> FF++ C23 (AUC = 0.985)
G21: Random (0.500)

Sheet Fig3_CelebDF
C2: Real | D2: Fake
A3: True label | B3: Real | C3: =ROC_data!O3 -> 1225 | D3: =ROC_data!P3 -> 2332
B4: Fake | C4: =ROC_data!Q3 -> 1242 | D4: =ROC_data!R3 -> 5558
C5: Real | D5: Fake
C6: Predicted label
G20: ="Celeb-DF v2 (AUC = "&TEXT(ROC_data!S3,"0.000")&")" -> Celeb-DF v2 (AUC = 0.659)
G21: Random (0.500)

Sheet Fig6_ASVspoof
C2: Real | D2: Fake
A3: True label | B3: Real | C3: =ROC_data!O4 -> 6139 | D3: =ROC_data!P4 -> 1216
B4: Fake | C4: =ROC_data!Q4 -> 10580 | D4: =ROC_data!R4 -> 53302
C5: Real | D5: Fake
C6: Predicted label
G20: ="ASVspoof 2019 LA (AUC = "&TEXT(ROC_data!S4,"0.000")&")" -> ASVspoof 2019 LA (AUC = 0.919)
G21: Random (0.500)

Sheet Fig7_FAV_Visual
C2: Real | D2: Fake
A3: True label | B3: Real | C3: =ROC_data!O5 -> 86 | D3: =ROC_data!P5 -> 0
B4: Fake | C4: =ROC_data!Q5 -> 1 | D4: =ROC_data!R5 -> 56
C5: Real | D5: Fake
C6: Predicted label
G20: ="FakeAVCeleb v1.2 Visual (AUC = "&TEXT(ROC_data!S5,"0.000")&")" -> FakeAVCeleb v1.2 Visual (AUC = 1.000)
G21: Random (0.500)

Sheet Fig8_FAV_Audio
C2: Real | D2: Fake
A3: True label | B3: Real | C3: =ROC_data!O6 -> 102 | D3: =ROC_data!P6 -> 2
B4: Fake | C4: =ROC_data!Q6 -> 1 | D4: =ROC_data!R6 -> 38
C5: Real | D5: Fake
C6: Predicted label
G20: ="FakeAVCeleb v1.2 Audio (AUC = "&TEXT(ROC_data!S6,"0.000")&")" -> FakeAVCeleb v1.2 Audio (AUC = 0.988)
G21: Random (0.500)

Sheet Fig9_FAV_Fusion
C2: Real | D2: Fake
A3: True label | B3: Real | C3: =ROC_data!O7 -> 86 | D3: =ROC_data!P7 -> 0
B4: Fake | C4: =ROC_data!Q7 -> 1 | D4: =ROC_data!R7 -> 56
C5: Real | D5: Fake
C6: Predicted label
G20: ="FakeAVCeleb v1.2 AV Fusion (AUC = "&TEXT(ROC_data!S7,"0.000")&")" -> FakeAVCeleb v1.2 AV Fusion (AUC = 1.000)
G21: Random (0.500)

Sheet Fig10_Latency
B2: Stage | C2: Mean (ms)
B3: Image loading | C3: 2.87
B4: Preprocessing | C4: 1.26
B5: SVM decision | C5: 2.34
B6: EfficientNetV2-S forward pass | C6: 188.92
B7: Total | C7: =SUM(C3:C6) -> 195.39
